-- MySQL dump 10.13  Distrib 8.0.28, for macos11 (x86_64)
--
-- Host: j9b208.p.ssafy.io    Database: bank
-- ------------------------------------------------------
-- Server version	8.0.34

/*!40101 SET @OLD_CHARACTER_SET_CLIENT=@@CHARACTER_SET_CLIENT */;
/*!40101 SET @OLD_CHARACTER_SET_RESULTS=@@CHARACTER_SET_RESULTS */;
/*!40101 SET @OLD_COLLATION_CONNECTION=@@COLLATION_CONNECTION */;
/*!50503 SET NAMES utf8 */;
/*!40103 SET @OLD_TIME_ZONE=@@TIME_ZONE */;
/*!40103 SET TIME_ZONE='+00:00' */;
/*!40014 SET @OLD_UNIQUE_CHECKS=@@UNIQUE_CHECKS, UNIQUE_CHECKS=0 */;
/*!40014 SET @OLD_FOREIGN_KEY_CHECKS=@@FOREIGN_KEY_CHECKS, FOREIGN_KEY_CHECKS=0 */;
/*!40101 SET @OLD_SQL_MODE=@@SQL_MODE, SQL_MODE='NO_AUTO_VALUE_ON_ZERO' */;
/*!40111 SET @OLD_SQL_NOTES=@@SQL_NOTES, SQL_NOTES=0 */;

--
-- Table structure for table `account`
--

DROP TABLE IF EXISTS `account`;
/*!40101 SET @saved_cs_client     = @@character_set_client */;
/*!50503 SET character_set_client = utf8mb4 */;
CREATE TABLE `account` (
  `account_id` int NOT NULL AUTO_INCREMENT,
  `balance` int NOT NULL DEFAULT '0',
  `account_num` varchar(19) NOT NULL,
  `registed_date` datetime(6) NOT NULL,
  `withdraw_date` datetime(6) DEFAULT NULL,
  `bank_id` int DEFAULT NULL,
  `uuid` int DEFAULT NULL,
  PRIMARY KEY (`account_id`),
  KEY `FKawl1lrpngb7h5ktg79odeic5w` (`bank_id`),
  KEY `FKanjxgi8wmt06xb9nw0woa7t90` (`uuid`),
  CONSTRAINT `FKanjxgi8wmt06xb9nw0woa7t90` FOREIGN KEY (`uuid`) REFERENCES `user` (`uuid`),
  CONSTRAINT `FKawl1lrpngb7h5ktg79odeic5w` FOREIGN KEY (`bank_id`) REFERENCES `bank` (`bank_id`)
) ENGINE=InnoDB AUTO_INCREMENT=73 DEFAULT CHARSET=utf8mb4 COLLATE=utf8mb4_0900_ai_ci;
/*!40101 SET character_set_client = @saved_cs_client */;

--
-- Dumping data for table `account`
--

LOCK TABLES `account` WRITE;
/*!40000 ALTER TABLE `account` DISABLE KEYS */;
INSERT INTO `account` VALUES (1,1000000,'789-692-342011','2023-09-30 00:11:33.342378',NULL,1,1),(2,1000000,'536-813-396487','2023-09-30 00:11:33.342398',NULL,2,1),(3,2039473110,'639-441-723568','2023-09-30 00:11:33.342404',NULL,3,1),(4,2041332380,'725-003-003986','2023-09-30 00:11:33.342410',NULL,4,1),(5,2040716030,'265-914-030041','2023-09-30 00:11:33.342417',NULL,5,1),(6,1000000,'101-621-840682','2023-09-30 00:11:33.342422',NULL,6,1),(7,1000000,'021-586-797558','2023-09-30 00:11:33.342428',NULL,7,1),(8,1000000,'435-435-275609','2023-09-30 00:11:33.342433',NULL,8,1),(9,1000000,'611-974-830955','2023-09-30 00:11:33.342438',NULL,9,1),(10,1000000,'722-969-069208','2023-09-30 00:11:33.342443',NULL,10,1),(11,1000000,'439-076-933181','2023-09-30 00:11:33.342448',NULL,11,1),(12,1000000,'844-669-221253','2023-09-30 00:11:33.342454',NULL,12,1),(13,1000000,'158-782-938400','2023-09-30 00:38:02.891137',NULL,1,4),(14,1000000,'664-319-663982','2023-09-30 00:38:02.891157',NULL,2,4),(15,1000000,'604-925-143652','2023-09-30 00:38:02.891164',NULL,3,4),(16,1000000,'718-426-510288','2023-09-30 00:38:02.891170',NULL,4,4),(17,1000000,'629-274-947049','2023-09-30 00:38:02.891177',NULL,5,4),(18,1000000,'665-603-076666','2023-09-30 00:38:02.891183',NULL,6,4),(19,1000000,'594-456-167065','2023-09-30 00:38:02.891189',NULL,7,4),(20,1000000,'003-019-049253','2023-09-30 00:38:02.891194',NULL,8,4),(21,1000000,'437-279-729490','2023-09-30 00:38:02.891223',NULL,9,4),(22,1000000,'707-037-112039','2023-09-30 00:38:02.891234',NULL,10,4),(23,1000000,'032-253-700850','2023-09-30 00:38:02.891241',NULL,11,4),(24,1000000,'255-208-753036','2023-09-30 00:38:02.891246',NULL,12,4),(25,1000000,'686-289-711676','2023-09-30 00:38:13.708599',NULL,1,5),(26,1000000,'084-692-182324','2023-09-30 00:38:13.708622',NULL,2,5),(27,1000000,'664-546-329359','2023-09-30 00:38:13.708629',NULL,3,5),(28,1000000,'177-761-802262','2023-09-30 00:38:13.708635',NULL,4,5),(29,1000000,'426-769-965749','2023-09-30 00:38:13.708643',NULL,5,5),(30,1000000,'084-815-741611','2023-09-30 00:38:13.708648',NULL,6,5),(31,1000000,'488-507-082462','2023-09-30 00:38:13.708654',NULL,7,5),(32,1000000,'557-011-226101','2023-09-30 00:38:13.708659',NULL,8,5),(33,1000000,'437-908-278193','2023-09-30 00:38:13.708665',NULL,9,5),(34,1000000,'230-801-550742','2023-09-30 00:38:13.708670',NULL,10,5),(35,1000000,'645-511-653051','2023-09-30 00:38:13.708675',NULL,11,5),(36,1000000,'917-431-880035','2023-09-30 00:38:13.708680',NULL,12,5),(37,1000000,'370-124-511282','2023-09-30 00:38:38.386948',NULL,1,6),(38,1000000,'927-061-399234','2023-09-30 00:38:38.386970',NULL,2,6),(39,1000000,'087-221-305632','2023-09-30 00:38:38.386977',NULL,3,6),(40,1000000,'535-341-857771','2023-09-30 00:38:38.386983',NULL,4,6),(41,1000000,'012-778-303790','2023-09-30 00:38:38.386989',NULL,5,6),(42,1000000,'970-927-553160','2023-09-30 00:38:38.386995',NULL,6,6),(43,1000000,'123-713-161693','2023-09-30 00:38:38.387000',NULL,7,6),(44,1000000,'692-958-018128','2023-09-30 00:38:38.387005',NULL,8,6),(45,1000000,'130-774-858989','2023-09-30 00:38:38.387009',NULL,9,6),(46,1000000,'807-118-222420','2023-09-30 00:38:38.387014',NULL,10,6),(47,1000000,'049-457-206720','2023-09-30 00:38:38.387019',NULL,11,6),(48,1000000,'275-553-909676','2023-09-30 00:38:38.387023',NULL,12,6),(49,1000000,'535-416-765815','2023-09-30 00:38:46.626778',NULL,1,7),(50,1000000,'384-074-408597','2023-09-30 00:38:46.626800',NULL,2,7),(51,1000000,'903-694-048786','2023-09-30 00:38:46.626807',NULL,3,7),(52,1000000,'256-864-309006','2023-09-30 00:38:46.626813',NULL,4,7),(53,1000000,'582-113-267653','2023-09-30 00:38:46.626820',NULL,5,7),(54,1000000,'495-284-444313','2023-09-30 00:38:46.626826',NULL,6,7),(55,1000000,'059-576-309298','2023-09-30 00:38:46.626831',NULL,7,7),(56,1000000,'056-785-554869','2023-09-30 00:38:46.626837',NULL,8,7),(57,1000000,'943-352-207849','2023-09-30 00:38:46.626843',NULL,9,7),(58,1000000,'332-734-096284','2023-09-30 00:38:46.626848',NULL,10,7),(59,1000000,'968-626-616535','2023-09-30 00:38:46.626854',NULL,11,7),(60,1000000,'608-859-432069','2023-09-30 00:38:46.626861',NULL,12,7),(61,1000000,'656-254-415337','2023-09-30 00:38:54.548595',NULL,1,8),(62,1000000,'005-780-623729','2023-09-30 00:38:54.548616',NULL,2,8),(63,1000000,'661-226-617705','2023-09-30 00:38:54.548623',NULL,3,8),(64,1000000,'856-431-967029','2023-09-30 00:38:54.548629',NULL,4,8),(65,1000000,'690-912-133695','2023-09-30 00:38:54.548636',NULL,5,8),(66,1000000,'593-784-556556','2023-09-30 00:38:54.548643',NULL,6,8),(67,1000000,'011-912-092173','2023-09-30 00:38:54.548649',NULL,7,8),(68,1000000,'366-937-216678','2023-09-30 00:38:54.548654',NULL,8,8),(69,1000000,'345-640-594953','2023-09-30 00:38:54.548660',NULL,9,8),(70,1000000,'830-716-324318','2023-09-30 00:38:54.548665',NULL,10,8),(71,1000000,'532-929-011560','2023-09-30 00:38:54.548671',NULL,11,8),(72,1000000,'854-523-422057','2023-09-30 00:38:54.548677',NULL,12,8);
/*!40000 ALTER TABLE `account` ENABLE KEYS */;
UNLOCK TABLES;

--
-- Table structure for table `account_history`
--

DROP TABLE IF EXISTS `account_history`;
/*!40101 SET @saved_cs_client     = @@character_set_client */;
/*!50503 SET character_set_client = utf8mb4 */;
CREATE TABLE `account_history` (
  `account_history_id` int NOT NULL AUTO_INCREMENT,
  `amount` int NOT NULL,
  `balance` int NOT NULL,
  `status` bit(1) NOT NULL,
  `store` varchar(20) NOT NULL,
  `transaction_date` datetime(6) NOT NULL,
  `transaction_type` varchar(20) NOT NULL,
  `account_id` int DEFAULT NULL,
  PRIMARY KEY (`account_history_id`),
  KEY `FKfomk97lcdrndxotso6yce14n2` (`account_id`),
  CONSTRAINT `FKfomk97lcdrndxotso6yce14n2` FOREIGN KEY (`account_id`) REFERENCES `account` (`account_id`)
) ENGINE=InnoDB DEFAULT CHARSET=utf8mb4 COLLATE=utf8mb4_0900_ai_ci;
/*!40101 SET character_set_client = @saved_cs_client */;

--
-- Dumping data for table `account_history`
--

LOCK TABLES `account_history` WRITE;
/*!40000 ALTER TABLE `account_history` DISABLE KEYS */;
/*!40000 ALTER TABLE `account_history` ENABLE KEYS */;
UNLOCK TABLES;

--
-- Table structure for table `bank`
--

DROP TABLE IF EXISTS `bank`;
/*!40101 SET @saved_cs_client     = @@character_set_client */;
/*!50503 SET character_set_client = utf8mb4 */;
CREATE TABLE `bank` (
  `bank_id` int NOT NULL AUTO_INCREMENT,
  `bank_name` varchar(255) DEFAULT NULL,
  PRIMARY KEY (`bank_id`)
) ENGINE=InnoDB AUTO_INCREMENT=13 DEFAULT CHARSET=utf8mb4 COLLATE=utf8mb4_0900_ai_ci;
/*!40101 SET character_set_client = @saved_cs_client */;

--
-- Dumping data for table `bank`
--

LOCK TABLES `bank` WRITE;
/*!40000 ALTER TABLE `bank` DISABLE KEYS */;
INSERT INTO `bank` VALUES (1,'농협'),(2,'우리'),(3,'신한'),(4,'국민'),(5,'카카오뱅크'),(6,'토스'),(7,'하나'),(8,'케이뱅크'),(9,'삼성'),(10,'현대'),(11,'롯데'),(12,'기업');
/*!40000 ALTER TABLE `bank` ENABLE KEYS */;
UNLOCK TABLES;

--
-- Table structure for table `benefit`
--

DROP TABLE IF EXISTS `benefit`;
/*!40101 SET @saved_cs_client     = @@character_set_client */;
/*!50503 SET character_set_client = utf8mb4 */;
CREATE TABLE `benefit` (
  `benefit_id` int NOT NULL AUTO_INCREMENT,
  `category` varchar(255) DEFAULT NULL,
  `discount` int DEFAULT NULL,
  `type` varchar(255) DEFAULT NULL,
  `benefit_limit` int DEFAULT NULL,
  `store_name` varchar(255) DEFAULT NULL,
  `card_id` int DEFAULT NULL,
  PRIMARY KEY (`benefit_id`),
  KEY `idx__store_name` (`category`),
  KEY `FK5revrppeg8h3a38e5hmgd6lcb` (`card_id`),
  CONSTRAINT `FK5revrppeg8h3a38e5hmgd6lcb` FOREIGN KEY (`card_id`) REFERENCES `card` (`card_id`)
) ENGINE=InnoDB AUTO_INCREMENT=155 DEFAULT CHARSET=utf8mb4 COLLATE=utf8mb4_0900_ai_ci;
/*!40101 SET character_set_client = @saved_cs_client */;

--
-- Dumping data for table `benefit`
--

LOCK TABLES `benefit` WRITE;
/*!40000 ALTER TABLE `benefit` DISABLE KEYS */;
INSERT INTO `benefit` VALUES (1,'온라인쇼핑',5,'페이백',1000000,'쿠팡',2),(2,'배달',10,'페이백',1000000,'배달의민족',2),(3,'주유',3,'페이백',1000000,'GS칼텍스',2),(4,'카페',10,'페이백',1000000,'스타벅스',2),(5,'주유',1,'페이백',2000,'GS칼텍스',1),(6,'주유',1,'페이백',2000,'SK에너지',1),(7,'주유',1,'페이백',2000,'SOIL',1),(8,'대중교통',10,'청구할인',3000,'지하철',1),(9,'대중교통',10,'청구할인',3000,'택시',1),(10,'대중교통',10,'청구할인',3000,'버스',1),(11,'음식점',1,'페이백',10000,'VIPS',1),(12,'음식점',1,'페이백',10000,'아웃백',1),(13,'카페',10,'현장할인',3000,'스타벅스',3),(14,'카페',10,'현장할인',3000,'커피빈',3),(15,'카페',10,'현장할인',3000,'뚜레주르',3),(16,'카페',10,'현장할인',3000,'투썸플레이스',3),(17,'카페',10,'현장할인',3000,'카페베네',3),(18,'문화',10,'청구할인',5000,'구글플레이스토어',3),(19,'문화',10,'청구할인',5000,'앱스토어',3),(20,'문화',5,'현장할인',2000,'올리브영',3),(21,'편의점',5,'현장할인',2000,'GS25',3),(22,'편의점',5,'현장할인',2000,'CU',3),(23,'편의점',5,'현장할인',2000,'세븐일레븐',3),(24,'문화',10,'청구할인',2000,'넷플릭스',3),(25,'문화',10,'청구할인',2000,'유튜브프리미엄',3),(26,'배달',1,'청구할인',1000,'요기요',3),(27,'배달',1,'청구할인',1000,'배달의민족',3),(28,'영화',5,'현장할인',8000,'CGV',3),(29,'문화',3,'현장할인',15000,'에버랜드',3),(30,'문화',3,'현장할인',15000,'롯데월드',3),(31,'문화',10,'청구할인',7000,'인터파크티켓',3),(32,'편의점',10,'현장할인',5000,'CU',4),(33,'편의점',10,'현장할인',5000,'GS25',4),(34,'편의점',10,'현장할인',5000,'세븐일레븐',4),(35,'온라인쇼핑',10,'청구할인',10000,'쿠팡',4),(36,'온라인쇼핑',10,'청구할인',10000,'무신사',4),(37,'온라인쇼핑',10,'청구할인',10000,'11번가',4),(38,'온라인쇼핑',10,'청구할인',10000,'SSG',4),(39,'온라인쇼핑',10,'청구할인',10000,'롯데ON',4),(40,'대중교통',10,'현장할인',10000,'버스',4),(41,'대중교통',10,'현장할인',10000,'지하철',4),(42,'대중교통',10,'현장할인',10000,'택시',4),(43,'음식점',10,'현장할인',10000,'VIPS',4),(44,'음식점',10,'현장할인',10000,'아웃백',4),(45,'음식점',10,'현장할인',10000,'애슐리',4),(46,'음식점',10,'현장할인',10000,'피자헛',4),(47,'음식점',10,'현장할인',10000,'매드포갈릭',4),(48,'대형쇼핑몰',10,'청구할인',10000,'신세계백화점',4),(49,'대형쇼핑몰',10,'청구할인',10000,'이마트',4),(50,'대형쇼핑몰',10,'청구할인',10000,'홈플러스',4),(51,'대형쇼핑몰',10,'청구할인',10000,'현대백화점',4),(52,'대형쇼핑몰',10,'청구할인',10000,'롯데백화점',4),(53,'대형쇼핑몰',10,'청구할인',10000,'롯데마트',4),(54,'주유',3,'현장할인',10000,'SK에너지',4),(55,'주유',3,'현장할인',10000,'GS칼텍스',4),(56,'문화',50,'청구할인',1000000,'멜론',5),(57,'문화',50,'청구할인',1000000,'지니',5),(58,'문화',50,'청구할인',1000000,'벅스',5),(59,'문화',50,'청구할인',1000000,'넷플릭스',5),(60,'편의점',10,'청구할인',5000,'CU',5),(61,'편의점',10,'청구할인',5000,'GS25',5),(62,'편의점',10,'청구할인',5000,'이마트24',5),(63,'편의점',10,'청구할인',5000,'세븐일레븐',5),(64,'카페',30,'현장할인',10000,'스타벅스',6),(65,'카페',30,'현장할인',10000,'이디야커피',6),(66,'카페',30,'현장할인',10000,'투썸플레이스',6),(67,'카페',30,'현장할인',10000,'탐앤탐스',6),(68,'카페',30,'현장할인',10000,'카페베네',6),(69,'카페',30,'현장할인',10000,'드롭탑',6),(70,'배달',30,'현장할인',10000,'배달의민족',6),(71,'배달',30,'현장할인',10000,'요기요',6),(72,'카페',10,'청구할인',10000,'버스',6),(73,'카페',10,'청구할인',10000,'지하철',6),(74,'카페',10,'청구할인',10000,'택시',6),(75,'대형쇼핑몰',2,'청구할인',1000000,'이마트',7),(76,'대형쇼핑몰',2,'청구할인',1000000,'홈플러스',7),(77,'대형쇼핑몰',2,'청구할인',1000000,'롯데마트',7),(78,'대중교통',2,'청구할인',1000000,'버스',7),(79,'대중교통',2,'청구할인',1000000,'지하철',7),(80,'대중교통',2,'청구할인',1000000,'택시',7),(81,'카페',2,'청구할인',1000000,'스타벅스',7),(82,'카페',2,'청구할인',1000000,'투썸플레이스',7),(83,'카페',2,'청구할인',1000000,'이디야커피',7),(84,'편의점',2,'청구할인',1000000,'CU',7),(85,'편의점',2,'청구할인',1000000,'GS25',7),(86,'편의점',2,'청구할인',1000000,'세븐일레븐',7),(87,'편의점',2,'청구할인',1000000,'이마트24',7),(88,'온라인쇼핑',10,'청구할인',5000,'G마켓',8),(89,'온라인쇼핑',10,'청구할인',5000,'옥션',8),(90,'대형쇼핑몰',10,'청구할인',5000,'이마트',8),(91,'대형쇼핑몰',10,'청구할인',5000,'홈플러스',8),(92,'대형쇼핑몰',10,'청구할인',5000,'롯데마트',8),(93,'배달',10,'청구할인',5000,'요기요',8),(94,'배달',10,'청구할인',5000,'배달의민족',8),(95,'주유',1,'청구할인',10000,'GS칼텍스',8),(96,'주유',1,'청구할인',10000,'SK에너지',8),(97,'주유',1,'청구할인',10000,'SOIL',8),(98,'온라인쇼핑',10,'청구할인',5000,'쿠팡',8),(99,'음식점',10,'현장할인',5000,'VIPS',9),(100,'음식점',10,'현장할인',5000,'피자헛',9),(101,'음식점',10,'현장할인',5000,'아웃백',9),(102,'음식점',10,'현장할인',5000,'매드포갈릭',9),(103,'편의점',10,'청구할인',5000,'GS25',9),(104,'편의점',10,'청구할인',5000,'CU',9),(105,'편의점',10,'청구할인',5000,'세븐일레븐',9),(106,'문화',30,'현장할인',5000,'교보문고',9),(107,'문화',30,'현장할인',5000,'멜론',9),(108,'문화',30,'현장할인',5000,'벅스',9),(109,'문화',30,'현장할인',5000,'지니',9),(110,'문화',30,'현장할인',5000,'유튜브프리미엄',9),(111,'문화',30,'현장할인',5000,'앱스토어',9),(112,'문화',30,'현장할인',5000,'넷플릭스',9),(113,'배달',5,'청구할인',5000,'배달의민족',9),(114,'배달',5,'청구할인',5000,'요기요',9),(115,'배달',5,'청구할인',5000,'마켓컬리',9),(116,'카페',5,'청구할인',5000,'스타벅스',9),(117,'카페',5,'청구할인',5000,'커피빈',9),(118,'카페',5,'청구할인',5000,'투썸플레이스',9),(119,'카페',5,'청구할인',5000,'카페베네',9),(120,'카페',5,'청구할인',5000,'탐앤탐스',9),(121,'영화',30,'현장할인',5000,'CGV',9),(122,'영화',30,'현장할인',5000,'롯데시네마',9),(123,'영화',30,'현장할인',5000,'메가박스',9),(124,'문화',5,'청구할인',10000,'YES24',9),(125,'항공',2,'청구할인',1000000,'대한항공',10),(126,'항공',2,'청구할인',1000000,'아시아나항공',10),(127,'항공',2,'청구할인',1000000,'진에어',10),(128,'항공',2,'청구할인',1000000,'제주항공',10),(129,'카페',2,'청구할인',1000000,'스타벅스',10),(130,'카페',2,'청구할인',1000000,'커피빈',10),(131,'카페',2,'청구할인',1000000,'탐앤탐스',10),(132,'카페',2,'청구할인',1000000,'뚜레쥬르',10),(133,'카페',2,'청구할인',1000000,'파리바게뜨',10),(134,'카페',2,'청구할인',1000000,'베스킨라빈스',10),(135,'카페',2,'청구할인',1000000,'투썸플레이스',10),(136,'편의점',2,'청구할인',1000000,'GS25',10),(137,'편의점',2,'청구할인',1000000,'CU',10),(138,'편의점',2,'청구할인',1000000,'세븐일레븐',10),(139,'대형쇼핑몰',2,'청구할인',1000000,'롯데백화점',10),(140,'대형쇼핑몰',2,'청구할인',1000000,'신세계백화점',10),(141,'대형쇼핑몰',2,'청구할인',1000000,'이마트',10),(142,'대형쇼핑몰',2,'청구할인',1000000,'홈플러스',10),(143,'문화',2,'청구할인',1000000,'넷플릭스',10),(144,'문화',2,'청구할인',1000000,'지니',10),(145,'문화',2,'청구할인',1000000,'유튜브프리미엄',10),(146,'음식점',2,'청구할인',1000000,'VIPS',10),(147,'음식점',2,'청구할인',1000000,'피자헛',10),(148,'음식점',2,'청구할인',1000000,'롯데리아',10),(149,'음식점',2,'청구할인',1000000,'맥도날드',10),(150,'음식점',2,'청구할인',1000000,'이삭토스트',10),(151,'영화',2,'청구할인',1000000,'롯데시네마',10),(152,'영화',2,'청구할인',1000000,'메가박스',10),(153,'주유',2,'청구할인',1000000,'GS칼텍스',10),(154,'주유',2,'청구할인',1000000,'SK에너지',10);
/*!40000 ALTER TABLE `benefit` ENABLE KEYS */;
UNLOCK TABLES;

--
-- Table structure for table `card`
--

DROP TABLE IF EXISTS `card`;
/*!40101 SET @saved_cs_client     = @@character_set_client */;
/*!50503 SET character_set_client = utf8mb4 */;
CREATE TABLE `card` (
  `card_id` int NOT NULL AUTO_INCREMENT,
  `card_default_image` varchar(255) NOT NULL,
  `card_name` varchar(50) NOT NULL,
  `master` tinyint NOT NULL,
  `type` varchar(255) NOT NULL,
  `visa` tinyint NOT NULL,
  `bank_id` int DEFAULT NULL,
  PRIMARY KEY (`card_id`),
  KEY `FK73u1abbacqsc1lcrl3ut1e2kp` (`bank_id`),
  CONSTRAINT `FK73u1abbacqsc1lcrl3ut1e2kp` FOREIGN KEY (`bank_id`) REFERENCES `bank` (`bank_id`)
) ENGINE=InnoDB AUTO_INCREMENT=11 DEFAULT CHARSET=utf8mb4 COLLATE=utf8mb4_0900_ai_ci;
/*!40101 SET character_set_client = @saved_cs_client */;

--
-- Dumping data for table `card`
--

LOCK TABLES `card` WRITE;
/*!40000 ALTER TABLE `card` DISABLE KEYS */;
INSERT INTO `card` VALUES (1,'https://storage.googleapis.com/cocopay/%EC%8B%A0%ED%95%9C%EC%B9%B4%EB%93%9C%20Deep%20Dream%20%EC%B2%B4%ED%81%AC.png','Deep Dream',1,'체크카드',1,3),(2,'https://storage.googleapis.com/cocopay/image%20135.png','프렌즈',1,'체크카드',1,5),(3,'https://storage.googleapis.com/cocopay/%EB%85%B8%EB%A6%AC2%20%EC%B2%B4%ED%81%AC%EC%B9%B4%EB%93%9C(KB%20Pay).png','노리2 (KB Pay)',1,'체크카드',1,4),(4,'https://storage.googleapis.com/cocopay/%EC%8B%A0%ED%95%9C%EC%B9%B4%EB%93%9C%20Mr.png','Mr.Life',1,'신용카드',1,3),(5,'https://storage.googleapis.com/cocopay/taptap%20DIGITAL.png','taptap DIGITAL',1,'신용카드',1,9),(6,'https://storage.googleapis.com/cocopay/%EC%82%BC%EC%84%B1%20iD%20ON%20%EC%B9%B4%EB%93%9C.png','iD ON',1,'신용카드',1,9),(7,'https://storage.googleapis.com/cocopay/%ED%98%84%EB%8C%80%EC%B9%B4%EB%93%9CZERO%20Edition2(%ED%95%A0%EC%9D%B8%ED%98%95).png','ZERO Edition2(할인형)',1,'신용카드',1,10),(8,'https://storage.googleapis.com/cocopay/%ED%98%84%EB%8C%80%EC%B9%B4%EB%93%9CZ%20family.png','Z family',0,'신용카드',1,10),(9,'https://storage.googleapis.com/cocopay/KB%EA%B5%AD%EB%AF%BC%20My%20WESH%20%EC%B9%B4%EB%93%9C.png','My WE:SH',0,'신용카드',1,4),(10,'https://storage.googleapis.com/cocopay/DA%40%EC%B9%B4%EB%93%9C%EC%9D%98%EC%A0%95%EC%84%9D-%EA%B0%80%EB%A1%9C.png','DA@카드의정석',1,'신용카드',1,4);
/*!40000 ALTER TABLE `card` ENABLE KEYS */;
UNLOCK TABLES;

--
-- Table structure for table `card_history`
--

DROP TABLE IF EXISTS `card_history`;
/*!40101 SET @saved_cs_client     = @@character_set_client */;
/*!50503 SET character_set_client = utf8mb4 */;
CREATE TABLE `card_history` (
  `card_history_id` int NOT NULL AUTO_INCREMENT,
  `account_balance` bigint NOT NULL,
  `amount` bigint NOT NULL,
  `category` varchar(255) DEFAULT NULL,
  `discount_amount` int DEFAULT NULL,
  `discount_type` varchar(255) DEFAULT NULL,
  `is_payback` tinyint DEFAULT '0',
  `store` varchar(20) NOT NULL,
  `transaction_date` datetime(6) DEFAULT NULL,
  `transaction_type` varchar(255) DEFAULT NULL,
  `card_uuid` int DEFAULT NULL,
  PRIMARY KEY (`card_history_id`),
  KEY `FK57ukx1lbsp7xsdq30wvqk80pu` (`card_uuid`),
  CONSTRAINT `FK57ukx1lbsp7xsdq30wvqk80pu` FOREIGN KEY (`card_uuid`) REFERENCES `user_card` (`card_uuid`)
) ENGINE=InnoDB AUTO_INCREMENT=11205 DEFAULT CHARSET=utf8mb4 COLLATE=utf8mb4_0900_ai_ci;
/*!40101 SET character_set_client = @saved_cs_client */;

--
-- Dumping data for table `card_history`
--

LOCK TABLES `card_history` WRITE;
/*!40000 ALTER TABLE `card_history` DISABLE KEYS */;
INSERT INTO `card_history` VALUES (11029,1000000,17000,'카페',5100,'현장할인',0,'스타벅스','2023-09-15 04:27:25.000000','일시불',6),(11030,1000000,97230,'문화',48615,'청구할인',0,'멜론','2023-09-22 03:20:36.000000','일시불',10),(11031,1000000,74070,'대형쇼핑몰',0,NULL,0,'롯데마트','2023-08-05 13:09:27.000000','일시불',6),(11032,1000000,24050,'편의점',0,NULL,0,'세븐일레븐','2023-09-21 01:51:41.000000','일시불',6),(11033,2042095650,410,'편의점',8,'청구할인',0,'CU','2023-09-25 07:53:05.000000','일시불',1),(11034,2040024290,45410,'문화',0,NULL,0,'지니','2023-09-04 10:23:41.000000','일시불',8),(11035,2040024290,12790,'음식점',1279,'현장할인',0,'매드포갈릭','2023-08-22 13:29:48.000000','일시불',9),(11036,1000000,23820,'카페',7146,'현장할인',0,'스타벅스','2023-09-12 18:18:19.000000','일시불',6),(11037,2041620570,98890,'영화',0,NULL,0,'롯데시네마','2023-09-25 16:05:46.000000','일시불',7),(11038,1000000,38430,'문화',0,NULL,0,'넷플릭스','2023-09-28 10:14:07.000000','일시불',6),(11039,2041536200,84370,'배달',0,NULL,0,'요기요','2023-09-24 03:24:16.000000','일시불',7),(11040,1000000,8520,'음식점',0,NULL,0,'매드포갈릭','2023-09-17 08:19:53.000000','일시불',3),(11041,2042095650,6610,'편의점',132,'청구할인',0,'CU','2023-09-05 17:21:51.000000','일시불',1),(11042,2039980800,43490,'카페',0,NULL,0,'이디야커피','2023-09-28 18:50:25.000000','일시불',8),(11043,1000000,26290,'대중교통',525,'청구할인',0,'지하철','2023-09-15 01:41:40.000000','일시불',3),(11044,2039928910,51890,'카페',0,NULL,0,'드롭탑','2023-10-02 06:01:26.000000','일시불',8),(11045,1000000,76170,'카페',0,NULL,0,'파리바게뜨','2023-10-02 08:47:18.000000','일시불',6),(11046,1000000,44920,'문화',0,NULL,0,'올리브영','2023-08-03 04:10:04.000000','일시불',6),(11047,2042004240,91410,'온라인쇼핑',0,NULL,0,'쿠팡','2023-09-09 03:18:07.000000','일시불',4),(11048,1000000,6550,'음식점',0,NULL,0,'이삭토스트','2023-08-06 00:07:34.000000','일시불',6),(11049,2041929860,74380,'문화',0,NULL,0,'교보문고','2023-09-21 03:13:09.000000','일시불',4),(11050,2041929860,8040,'편의점',160,'청구할인',0,'세븐일레븐','2023-09-19 06:04:52.000000','일시불',1),(11051,2039898490,30420,'문화',0,NULL,0,'인터파크티켓','2023-09-22 01:20:13.000000','일시불',8),(11052,2041472490,63710,'대형쇼핑몰',0,NULL,0,'현대백화점','2023-09-04 06:00:52.000000','일시불',7),(11053,1000000,9160,'편의점',183,'청구할인',0,'이마트24','2023-09-04 01:33:34.000000','일시불',3),(11054,2039890830,7660,'카페',0,NULL,0,'스타벅스','2023-08-28 19:06:14.000000','일시불',8),(11055,2041929860,65540,'온라인쇼핑',0,NULL,0,'11번가','2023-08-16 08:50:44.000000','일시불',5),(11056,1000000,76500,'대형쇼핑몰',0,NULL,0,'홈플러스','2023-08-10 17:24:11.000000','일시불',10),(11057,1000000,73710,'편의점',1474,'청구할인',0,'세븐일레븐','2023-09-21 09:53:40.000000','일시불',3),(11058,2041882470,47390,'카페',4739,'현장할인',0,'투썸플레이스','2023-09-25 05:19:08.000000','일시불',4),(11059,1000000,91650,'온라인쇼핑',0,NULL,0,'SSG','2023-09-18 08:02:01.000000','일시불',6),(11060,2041449630,22860,'문화',0,NULL,0,'구글플레이스토어','2023-09-10 04:41:23.000000','일시불',7),(11061,2039882140,8690,'음식점',0,NULL,0,'맥도날드','2023-08-03 10:40:06.000000','일시불',8),(11062,2039821600,60540,'문화',0,NULL,0,'지니','2023-09-19 19:35:49.000000','일시불',8),(11063,2041882470,77990,'편의점',1559,'청구할인',0,'GS25','2023-10-03 01:20:12.000000','일시불',1),(11064,2041882470,64340,'문화',19302,'현장할인',0,'멜론','2023-09-06 05:13:23.000000','일시불',5),(11065,2041882470,38450,'카페',1922,'청구할인',0,'탐앤탐스','2023-09-26 13:32:45.000000','일시불',5),(11066,2039821600,93260,'편의점',9326,'현장할인',0,'GS25','2023-08-14 17:06:51.000000','일시불',9),(11067,1000000,21060,'온라인쇼핑',0,NULL,0,'11번가','2023-09-14 00:07:37.000000','일시불',10),(11068,1000000,80000,'온라인쇼핑',0,NULL,0,'옥션','2023-09-06 14:38:51.000000','일시불',10),(11069,2041882470,25450,'카페',0,NULL,0,'택시','2023-09-06 15:23:09.000000','일시불',1),(11070,2041882470,24110,'카페',482,'청구할인',0,'커피빈','2023-09-21 04:34:12.000000','일시불',1),(11071,2041787770,94700,'카페',9470,'현장할인',0,'투썸플레이스','2023-09-08 08:04:24.000000','일시불',4),(11072,1000000,11940,'대중교통',238,'청구할인',0,'지하철','2023-09-05 06:05:12.000000','일시불',3),(11073,2041787770,9170,'카페',0,NULL,0,'택시','2023-09-13 16:00:02.000000','일시불',5),(11074,2039821600,19480,'배달',0,NULL,0,'요기요','2023-09-11 17:34:12.000000','일시불',9),(11075,1000000,2490,'대형쇼핑몰',0,NULL,0,'신세계백화점','2023-09-23 08:07:50.000000','일시불',6),(11076,2039821600,76160,'문화',0,NULL,0,'유튜브프리미엄','2023-09-22 19:53:02.000000','일시불',9),(11077,2041727760,60010,'편의점',0,NULL,0,'이마트24','2023-09-25 08:47:23.000000','일시불',4),(11078,2041661190,66570,'카페',6657,'현장할인',0,'스타벅스','2023-08-12 11:13:19.000000','일시불',4),(11079,2041661190,73390,'카페',3669,'청구할인',0,'커피빈','2023-10-04 03:32:04.000000','일시불',5),(11080,2039821600,59110,'배달',0,NULL,0,'마켓컬리','2023-10-03 05:36:05.000000','일시불',9),(11081,1000000,44740,'카페',13422,'현장할인',0,'투썸플레이스','2023-09-06 15:35:24.000000','일시불',6),(11082,2039787300,34300,'음식점',343,'페이백',1,'VIPS','2023-09-17 00:05:46.000000','일시불',8),(11083,2041561880,99310,'카페',0,NULL,0,'드롭탑','2023-08-21 00:36:34.000000','일시불',4),(11084,2041432480,17150,'편의점',0,NULL,0,'세븐일레븐','2023-10-04 10:13:24.000000','일시불',7),(11085,2041405930,26550,'음식점',0,NULL,0,'아웃백','2023-08-02 14:11:52.000000','일시불',7),(11086,2039787300,74250,'음식점',0,NULL,0,'롯데리아','2023-09-16 02:03:22.000000','일시불',9),(11087,1000000,7340,'주유',0,NULL,0,'GS칼텍스','2023-10-01 07:04:17.000000','일시불',10),(11088,1000000,17980,'음식점',0,NULL,0,'VIPS','2023-09-15 14:29:08.000000','일시불',6),(11089,1000000,26290,'카페',0,NULL,0,'스타벅스','2023-09-02 02:27:02.000000','일시불',10),(11090,1000000,64730,'카페',0,NULL,0,'투썸플레이스','2023-09-24 11:37:31.000000','일시불',10),(11091,2039787300,6400,'카페',0,NULL,0,'커피빈','2023-08-10 02:24:53.000000','일시불',9),(11092,1000000,87680,'항공',0,NULL,0,'대한항공','2023-08-11 04:35:26.000000','일시불',6),(11093,1000000,9020,'카페',2706,'현장할인',0,'이디야커피','2023-08-24 02:36:12.000000','일시불',6),(11094,2041561880,63730,'음식점',6373,'현장할인',0,'아웃백','2023-09-04 02:20:40.000000','일시불',5),(11095,2041561880,12080,'대형쇼핑몰',0,NULL,0,'이마트','2023-09-17 16:12:20.000000','일시불',5),(11096,1000000,21200,'편의점',0,NULL,0,'세븐일레븐','2023-09-18 15:08:16.000000','일시불',6),(11097,2039724210,63090,'편의점',0,NULL,0,'CU','2023-10-04 00:06:42.000000','일시불',8),(11098,2041341140,64790,'카페',0,NULL,0,'택시','2023-09-09 06:28:42.000000','일시불',7),(11099,2041561880,50790,'문화',1015,'청구할인',0,'넷플릭스','2023-08-19 17:25:20.000000','일시불',1),(11100,2039724210,54010,'대중교통',5401,'현장할인',0,'지하철','2023-09-10 10:09:03.000000','일시불',9),(11101,2041241180,99960,'편의점',0,NULL,0,'이마트24','2023-09-07 07:13:39.000000','일시불',7),(11102,2041239590,1590,'문화',0,NULL,0,'지니','2023-09-10 01:49:10.000000','일시불',7),(11103,2041531800,30080,'대중교통',0,NULL,0,'택시','2023-09-12 15:08:34.000000','일시불',4),(11104,2041531800,27380,'카페',547,'청구할인',0,'스타벅스','2023-09-28 12:31:17.000000','일시불',1),(11105,2041472710,59090,'배달',590,'청구할인',0,'요기요','2023-08-07 04:04:33.000000','일시불',4),(11106,2039724210,69100,'주유',0,NULL,0,'SOIL','2023-09-18 09:04:44.000000','일시불',9),(11107,2039724210,85680,'카페',0,NULL,0,'투썸플레이스','2023-09-25 17:24:42.000000','일시불',9),(11108,2041472710,12140,'문화',3642,'현장할인',0,'앱스토어','2023-09-23 10:14:23.000000','일시불',5),(11109,2041172900,66690,'온라인쇼핑',0,NULL,0,'G마켓','2023-08-15 12:05:14.000000','일시불',7),(11110,2041381450,91260,'음식점',0,NULL,0,'매드포갈릭','2023-09-19 05:50:01.000000','일시불',4),(11111,1000000,56990,'배달',17097,'현장할인',0,'배달의민족','2023-09-14 07:48:44.000000','일시불',6),(11112,2041076930,95970,'문화',0,NULL,0,'에버랜드','2023-09-11 08:53:27.000000','일시불',7),(11113,1000000,24680,'배달',0,NULL,0,'요기요','2023-08-07 17:42:14.000000','일시불',10),(11114,1000000,49890,'카페',997,'청구할인',0,'스타벅스','2023-09-21 09:34:29.000000','일시불',3),(11115,2041354990,26460,'대중교통',0,NULL,0,'버스','2023-08-09 05:18:32.000000','일시불',4),(11116,2041354990,14930,'카페',0,NULL,0,'지하철','2023-09-24 03:04:48.000000','일시불',1),(11117,2041347910,7080,'문화',0,NULL,0,'벅스','2023-09-14 13:53:46.000000','일시불',4),(11118,2041347910,68980,'대형쇼핑몰',0,NULL,0,'신세계백화점','2023-10-02 11:47:43.000000','일시불',5),(11119,2041347910,11860,'카페',593,'청구할인',0,'카페베네','2023-09-06 09:44:40.000000','일시불',5),(11120,2039708210,16000,'영화',0,NULL,0,'롯데시네마','2023-10-02 13:17:59.221908','일시불',8),(11121,2039589210,119000,'음식점',1190,'페이백',1,'VIPS','2023-10-02 13:20:33.528378','일시불',8),(11122,1000000,16000,'카페',4800,'현장할인',0,'이디야커피','2023-10-02 13:33:56.673264','일시불',6),(11123,1000000,10000,'카페',3000,'현장할인',0,'스타벅스','2023-10-02 13:50:02.091226','일시불',6),(11125,2040838930,119000,'음식점',0,NULL,0,'VIPS','2023-10-02 14:16:10.646287','일시불',7),(11126,2039589210,109000,'음식점',11900,'현장할인',0,'VIPS','2023-10-02 23:19:46.743429','일시불',9),(11127,1000000,7000,'카페',3000,'현장할인',0,'스타벅스','2023-10-02 14:34:50.372101','일시불',6),(11128,2041347910,114000,'음식점',11900,'현장할인',0,'VIPS','2023-10-02 23:57:39.186853','일시불',5),(11129,2039550510,38700,'온라인쇼핑',0,NULL,0,'29CM','2023-10-02 15:23:33.819988','일시불',8),(11130,2039550510,38700,'온라인쇼핑',3870,'청구할인',0,'무신사','2023-10-02 16:02:00.736505','일시불',9),(11131,2039511810,38700,'온라인쇼핑',0,NULL,0,'무신사','2023-10-02 16:02:13.464166','일시불',8),(11132,2039511810,38700,'온라인쇼핑',3870,'청구할인',0,'무신사','2023-10-02 17:24:57.018228','일시불',9),(11143,2039473110,38700,'온라인쇼핑',0,NULL,0,'무신사','2023-10-03 06:41:06.525070','일시불',8),(11144,2039473110,38700,'온라인쇼핑',3870,'청구할인',0,'무신사','2023-10-03 07:02:39.539097','일시불',9),(11145,2039473110,38700,'온라인쇼핑',3870,'청구할인',0,'무신사','2023-10-03 07:07:10.178051','일시불',9),(11146,2039473110,38700,'온라인쇼핑',3870,'청구할인',0,'무신사','2023-10-03 07:07:24.717126','일시불',9),(11147,2039473110,38700,'온라인쇼핑',3870,'청구할인',0,'무신사','2023-10-03 07:07:48.286016','일시불',9),(11148,2039473110,38700,'온라인쇼핑',3870,'청구할인',0,'무신사','2023-10-03 07:09:44.874903','일시불',9),(11158,2041347910,38700,'온라인쇼핑',0,NULL,0,'무신사','2023-10-03 14:07:33.718774','일시불',5),(11159,2041347910,38700,'온라인쇼핑',0,NULL,0,'무신사','2023-10-03 14:22:15.339276','일시불',5),(11160,1000000,1000,'카페',20,'청구할인',0,'스타벅스','2023-10-03 16:16:50.509339','일시불',21),(11161,2041347010,900,'카페',100,'현장할인',0,'스타벅스','2023-10-03 16:59:48.777598','일시불',4),(11162,2041339695,7315,'편의점',385,'현장할인',0,'GS25','2023-10-04 08:43:34.341262','일시불',4),(11163,2041332380,7315,'편의점',385,'현장할인',0,'GS25','2023-10-04 08:44:22.432590','일시불',4),(11164,2041332380,7700,'편의점',770,'청구할인',0,'GS25','2023-10-04 08:44:44.362830','일시불',5),(11165,2041332380,10000,'편의점',1000,'청구할인',0,'GS25','2023-10-04 17:46:48.274655','할부',5),(11166,2041332380,2200,'카페',110,'청구할인',0,'스타벅스','2023-10-05 10:35:56.945293','일시불',5),(11167,2041332380,2200,'카페',110,'청구할인',0,'스타벅스','2023-10-05 10:38:09.485007','일시불',5),(11168,2041332380,2200,'카페',110,'청구할인',0,'스타벅스','2023-10-05 02:21:15.426634','일시불',5),(11169,2041332380,3200,'카페',160,'청구할인',0,'스타벅스','2023-10-05 02:22:08.392680','일시불',5),(11170,1000000,3800,'카페',76,'청구할인',0,'스타벅스','2023-10-05 04:07:43.888043','일시불',22),(11171,2041332380,3300,'카페',165,'청구할인',0,'스타벅스','2023-10-05 04:13:25.696520','일시불',5),(11172,1000000,3800,'카페',76,'청구할인',0,'스타벅스','2023-10-05 04:24:16.687722','일시불',22),(11173,1000000,3800,'카페',190,'청구할인',0,'스타벅스','2023-10-05 04:25:12.954505','일시불',23),(11178,1000000,3800,'카페',76,'청구할인',0,'스타벅스','2023-10-05 04:47:32.601380','일시불',21),(11189,1000000,3800,'카페',76,'청구할인',0,'스타벅스','2023-10-05 05:11:18.179295','일시불',21),(11190,2041332380,3300,'카페',165,'청구할인',0,'스타벅스','2023-10-05 05:25:15.615999','일시불',5),(11191,1000000,3800,'카페',76,'청구할인',0,'스타벅스','2023-10-05 05:36:16.465194','일시불',21),(11195,1000000,3800,'카페',76,'청구할인',0,'스타벅스','2023-10-05 05:38:39.226745','일시불',21),(11196,1000000,38700,'온라인쇼핑',0,NULL,0,'무신사','2023-10-05 07:47:19.007607','일시불',21),(11197,1000000,38700,'온라인쇼핑',0,NULL,0,'무신사','2023-10-05 07:47:46.993353','일시불',21),(11200,2041332380,38700,'온라인쇼핑',0,NULL,0,'무신사','2023-10-05 07:52:25.125712','일시불',5),(11201,2040835130,3800,'카페',380,'페이백',1,'스타벅스','2023-10-05 08:08:50.963633','일시불',7),(11202,1000000,38700,'온라인쇼핑',0,NULL,0,'무신사','2023-10-05 08:11:43.297386','일시불',10),(11203,1000000,119000,'음식점',0,NULL,0,'VIPS','2023-10-05 21:26:37.049963','일시불',3),(11204,2040716030,119100,'음식점',0,NULL,0,'VIPS','2023-10-05 21:27:02.968809','일시불',7);
/*!40000 ALTER TABLE `card_history` ENABLE KEYS */;
UNLOCK TABLES;

--
-- Table structure for table `installment`
--

DROP TABLE IF EXISTS `installment`;
/*!40101 SET @saved_cs_client     = @@character_set_client */;
/*!50503 SET character_set_client = utf8mb4 */;
CREATE TABLE `installment` (
  `id` int NOT NULL AUTO_INCREMENT,
  `division_price` int DEFAULT NULL,
  `payment_count` int DEFAULT '0',
  `period` int DEFAULT NULL,
  `total` int DEFAULT NULL,
  `transaction_date` date DEFAULT NULL,
  `card_uuid` int DEFAULT NULL,
  PRIMARY KEY (`id`),
  KEY `FKeg9mgygqxnn26ubeyqk7i2jty` (`card_uuid`),
  CONSTRAINT `FKeg9mgygqxnn26ubeyqk7i2jty` FOREIGN KEY (`card_uuid`) REFERENCES `user_card` (`card_uuid`)
) ENGINE=InnoDB AUTO_INCREMENT=5 DEFAULT CHARSET=utf8mb4 COLLATE=utf8mb4_0900_ai_ci;
/*!40101 SET character_set_client = @saved_cs_client */;

--
-- Dumping data for table `installment`
--

LOCK TABLES `installment` WRITE;
/*!40000 ALTER TABLE `installment` DISABLE KEYS */;
INSERT INTO `installment` VALUES (1,833,0,12,10000,'2023-10-02',10),(2,833,0,12,10000,'2023-10-02',6),(3,833,0,12,10000,'2023-10-02',6),(4,833,0,12,10000,'2023-10-04',5);
/*!40000 ALTER TABLE `installment` ENABLE KEYS */;
UNLOCK TABLES;

--
-- Table structure for table `performance`
--

DROP TABLE IF EXISTS `performance`;
/*!40101 SET @saved_cs_client     = @@character_set_client */;
/*!50503 SET character_set_client = utf8mb4 */;
CREATE TABLE `performance` (
  `performance_id` int NOT NULL AUTO_INCREMENT,
  `level` int DEFAULT NULL,
  `level_price` int DEFAULT NULL,
  `card_id` int DEFAULT NULL,
  PRIMARY KEY (`performance_id`),
  KEY `FKl96mikcvf38ntlabxo9algvg` (`card_id`),
  CONSTRAINT `FKl96mikcvf38ntlabxo9algvg` FOREIGN KEY (`card_id`) REFERENCES `card` (`card_id`)
) ENGINE=InnoDB AUTO_INCREMENT=15 DEFAULT CHARSET=utf8mb4 COLLATE=utf8mb4_0900_ai_ci;
/*!40101 SET character_set_client = @saved_cs_client */;

--
-- Dumping data for table `performance`
--

LOCK TABLES `performance` WRITE;
/*!40000 ALTER TABLE `performance` DISABLE KEYS */;
INSERT INTO `performance` VALUES (1,1,10000,1),(2,1,300000,2),(3,0,0,10),(4,1,10000,3),(5,1,400000,9),(6,1,400000,8),(7,2,800000,8),(8,1,300000,7),(9,1,300000,6),(10,2,600000,6),(11,1,300000,5),(12,2,600000,5),(13,3,900000,5),(14,1,300000,4);
/*!40000 ALTER TABLE `performance` ENABLE KEYS */;
UNLOCK TABLES;

--
-- Table structure for table `user`
--

DROP TABLE IF EXISTS `user`;
/*!40101 SET @saved_cs_client     = @@character_set_client */;
/*!50503 SET character_set_client = utf8mb4 */;
CREATE TABLE `user` (
  `uuid` int NOT NULL AUTO_INCREMENT,
  `name` varchar(30) NOT NULL,
  `tel` varchar(13) NOT NULL,
  PRIMARY KEY (`uuid`),
  UNIQUE KEY `UK_nbfia2ok6c7at4i0er6uyskkx` (`tel`)
) ENGINE=InnoDB AUTO_INCREMENT=10 DEFAULT CHARSET=utf8mb4 COLLATE=utf8mb4_0900_ai_ci;
/*!40101 SET character_set_client = @saved_cs_client */;

--
-- Dumping data for table `user`
--

LOCK TABLES `user` WRITE;
/*!40000 ALTER TABLE `user` DISABLE KEYS */;
INSERT INTO `user` VALUES (1,'한성현','01051365349'),(4,'설혜현','01029628586'),(5,'홍지민','01091235632'),(6,'배민경','01080087536'),(7,'김서영','01073216556'),(8,'조환희','01021278653'),(9,'test','01091231122');
/*!40000 ALTER TABLE `user` ENABLE KEYS */;
UNLOCK TABLES;

--
-- Table structure for table `user_card`
--

DROP TABLE IF EXISTS `user_card`;
/*!40101 SET @saved_cs_client     = @@character_set_client */;
/*!50503 SET character_set_client = utf8mb4 */;
CREATE TABLE `user_card` (
  `card_uuid` int NOT NULL AUTO_INCREMENT,
  `card_nickname` varchar(20) DEFAULT NULL,
  `cvc` varchar(3) NOT NULL,
  `is_performanced` bit(1) DEFAULT NULL,
  `password` varchar(75) NOT NULL,
  `performance_level` int DEFAULT NULL,
  `serial_number` varchar(20) NOT NULL,
  `total_price` int NOT NULL,
  `valid_date` varchar(5) NOT NULL,
  `account_id` int DEFAULT NULL,
  `card_id` int DEFAULT NULL,
  PRIMARY KEY (`card_uuid`),
  KEY `FKjm6rcls50p0f1gj4omv8wufw1` (`account_id`),
  KEY `FK441bl0wnj3hxcj8c18lyxw9e1` (`card_id`),
  CONSTRAINT `FK441bl0wnj3hxcj8c18lyxw9e1` FOREIGN KEY (`card_id`) REFERENCES `card` (`card_id`) ON DELETE CASCADE,
  CONSTRAINT `FKjm6rcls50p0f1gj4omv8wufw1` FOREIGN KEY (`account_id`) REFERENCES `account` (`account_id`)
) ENGINE=InnoDB AUTO_INCREMENT=31 DEFAULT CHARSET=utf8mb4 COLLATE=utf8mb4_0900_ai_ci;
/*!40101 SET character_set_client = @saved_cs_client */;

--
-- Dumping data for table `user_card`
--

LOCK TABLES `user_card` WRITE;
/*!40000 ALTER TABLE `user_card` DISABLE KEYS */;
INSERT INTO `user_card` VALUES (1,NULL,'000',_binary '','0000',0,'3885-1615-3797-7133',77990,'12/25',4,10),(3,NULL,'000',_binary '','0000',0,'8135-4812-8063-6059',119000,'12/25',10,7),(4,NULL,'000',_binary '','0000',1,'8266-0600-9291-7241',15530,'12/25',4,3),(5,NULL,'000',_binary '','0000',1,'7417-5500-5236-0712',406570,'12/25',4,9),(6,NULL,'000',_binary '','0000',0,'8557-9794-9401-0681',109170,'12/25',9,6),(7,NULL,'000',_binary '','0000',0,'8040-7684-6501-0564',259050,'12/25',5,2),(8,NULL,'000',_binary '','0000',1,'4390-5395-0448-9871',366080,'12/25',3,1),(9,NULL,'000',_binary '','0000',1,'9270-4991-3268-7451',439010,'12/25',3,4),(10,NULL,'000',_binary '','0000',0,'0748-0278-3235-1807',46040,'12/25',9,5),(12,NULL,'000',_binary '','0000',0,'6117-2006-2930-4147',0,'12/25',22,8),(13,NULL,'000',_binary '','0000',0,'9161-9439-3639-2462',0,'12/25',15,4),(14,NULL,'000',_binary '','0000',0,'3979-4110-9448-2757',0,'12/25',16,3),(15,NULL,'000',_binary '','0000',0,'1274-1175-4793-9216',0,'12/25',15,1),(16,NULL,'000',_binary '','0000',0,'8270-9008-0225-6347',0,'12/25',16,9),(17,NULL,'000',_binary '','0000',0,'0351-1144-1133-2687',0,'12/25',39,4),(18,NULL,'000',_binary '','0000',0,'6266-9799-5508-3160',0,'12/25',39,1),(19,NULL,'000',_binary '','0000',0,'6937-5528-0052-4459',0,'12/25',41,2),(20,NULL,'000',_binary '','0000',0,'2106-4411-4135-7142',0,'12/25',46,7),(21,NULL,'000',_binary '','0000',0,'9766-8963-7826-1437',93600,'12/25',58,7),(22,NULL,'000',_binary '','0000',0,'2801-3684-9879-7024',7600,'12/25',52,10),(23,NULL,'000',_binary '','0000',0,'7388-1254-5627-1920',3800,'12/25',52,9),(24,NULL,'000',_binary '','0000',0,'2525-6959-4959-8455',0,'12/25',58,8),(25,NULL,'000',_binary '','0000',0,'7223-1687-2128-2601',0,'12/25',22,8),(26,NULL,'000',_binary '','0000',0,'8220-8978-2155-7634',0,'12/25',17,2),(27,NULL,'000',_binary '','0000',0,'7919-3595-5292-2116',0,'12/25',40,10),(28,NULL,'000',_binary '','0000',0,'4244-0202-1797-1534',0,'12/25',46,7),(29,NULL,'000',_binary '','0000',0,'3076-9963-7653-8664',0,'12/25',70,8),(30,NULL,'000',_binary '','0000',0,'0987-6811-1559-9824',0,'12/25',70,7);
/*!40000 ALTER TABLE `user_card` ENABLE KEYS */;
UNLOCK TABLES;

--
-- Table structure for table `user_card_benefit`
--

DROP TABLE IF EXISTS `user_card_benefit`;
/*!40101 SET @saved_cs_client     = @@character_set_client */;
/*!50503 SET character_set_client = utf8mb4 */;
CREATE TABLE `user_card_benefit` (
  `user_card_benefit_id` int NOT NULL AUTO_INCREMENT,
  `discount_amount` int DEFAULT NULL,
  `benefit_id` int DEFAULT NULL,
  `card_uuid` int DEFAULT NULL,
  PRIMARY KEY (`user_card_benefit_id`),
  KEY `FKj63ubktq35mgtd6xl8tx920wp` (`card_uuid`),
  KEY `FK5y81q4msj5lcbnsum8lc69tuw` (`benefit_id`),
  CONSTRAINT `FK5y81q4msj5lcbnsum8lc69tuw` FOREIGN KEY (`benefit_id`) REFERENCES `benefit` (`benefit_id`) ON DELETE CASCADE ON UPDATE CASCADE,
  CONSTRAINT `FKj63ubktq35mgtd6xl8tx920wp` FOREIGN KEY (`card_uuid`) REFERENCES `user_card` (`card_uuid`)
) ENGINE=InnoDB AUTO_INCREMENT=454 DEFAULT CHARSET=utf8mb4 COLLATE=utf8mb4_0900_ai_ci;
/*!40101 SET character_set_client = @saved_cs_client */;

--
-- Dumping data for table `user_card_benefit`
--

LOCK TABLES `user_card_benefit` WRITE;
/*!40000 ALTER TABLE `user_card_benefit` DISABLE KEYS */;
INSERT INTO `user_card_benefit` VALUES (1,1000000,125,1),(2,1000000,126,1),(3,1000000,127,1),(4,1000000,128,1),(5,1000000,129,1),(6,1000000,130,1),(7,1000000,131,1),(8,1000000,132,1),(9,1000000,133,1),(10,1000000,134,1),(11,1000000,135,1),(12,1000000,136,1),(13,1000000,137,1),(14,1000000,138,1),(15,1000000,139,1),(16,1000000,140,1),(17,1000000,141,1),(18,1000000,142,1),(19,1000000,143,1),(20,1000000,144,1),(21,1000000,145,1),(22,1000000,146,1),(23,1000000,147,1),(24,1000000,148,1),(25,1000000,149,1),(26,1000000,150,1),(27,1000000,151,1),(28,1000000,152,1),(29,1000000,153,1),(30,1000000,154,1),(31,1000000,75,3),(32,1000000,76,3),(33,1000000,77,3),(34,1000000,78,3),(35,1000000,79,3),(36,1000000,80,3),(37,1000000,81,3),(38,1000000,82,3),(39,1000000,83,3),(40,1000000,84,3),(41,1000000,85,3),(42,1000000,86,3),(43,1000000,87,3),(44,3000,13,4),(45,3000,14,4),(46,3000,15,4),(47,3000,16,4),(48,3000,17,4),(49,5000,18,4),(50,5000,19,4),(51,2000,20,4),(52,2000,21,4),(53,2000,22,4),(54,2000,23,4),(55,2000,24,4),(56,2000,25,4),(57,1000,26,4),(58,1000,27,4),(59,8000,28,4),(60,15000,29,4),(61,15000,30,4),(62,7000,31,4),(63,5000,99,5),(64,5000,100,5),(65,5000,101,5),(66,5000,102,5),(67,5000,103,5),(68,5000,104,5),(69,5000,105,5),(70,5000,106,5),(71,5000,107,5),(72,5000,108,5),(73,5000,109,5),(74,5000,110,5),(75,5000,111,5),(76,5000,112,5),(77,5000,113,5),(78,5000,114,5),(79,5000,115,5),(80,5000,116,5),(81,5000,117,5),(82,5000,118,5),(83,5000,119,5),(84,5000,120,5),(85,5000,121,5),(86,5000,122,5),(87,5000,123,5),(88,10000,124,5),(89,10000,64,6),(90,10000,65,6),(91,10000,66,6),(92,10000,67,6),(93,10000,68,6),(94,10000,69,6),(95,10000,70,6),(96,10000,71,6),(97,10000,72,6),(98,10000,73,6),(99,10000,74,6),(100,1000000,1,7),(101,1000000,2,7),(102,1000000,3,7),(103,1000000,4,7),(104,2000,5,8),(105,2000,6,8),(106,2000,7,8),(107,3000,8,8),(108,3000,9,8),(109,3000,10,8),(110,10000,11,8),(111,10000,12,8),(112,5000,32,9),(113,5000,33,9),(114,5000,34,9),(115,10000,35,9),(116,10000,36,9),(117,10000,37,9),(118,10000,38,9),(119,10000,39,9),(120,10000,40,9),(121,10000,41,9),(122,10000,42,9),(123,10000,43,9),(124,10000,44,9),(125,10000,45,9),(126,10000,46,9),(127,10000,47,9),(128,10000,48,9),(129,10000,49,9),(130,10000,50,9),(131,10000,51,9),(132,10000,52,9),(133,10000,53,9),(134,10000,54,9),(135,10000,55,9),(136,1000000,56,10),(137,1000000,57,10),(138,1000000,58,10),(139,1000000,59,10),(140,5000,60,10),(141,5000,61,10),(142,5000,62,10),(143,5000,63,10),(155,5000,88,12),(156,5000,89,12),(157,5000,90,12),(158,5000,91,12),(159,5000,92,12),(160,5000,93,12),(161,5000,94,12),(162,10000,95,12),(163,10000,96,12),(164,10000,97,12),(165,5000,98,12),(166,5000,32,13),(167,5000,33,13),(168,5000,34,13),(169,10000,35,13),(170,10000,36,13),(171,10000,37,13),(172,10000,38,13),(173,10000,39,13),(174,10000,40,13),(175,10000,41,13),(176,10000,42,13),(177,10000,43,13),(178,10000,44,13),(179,10000,45,13),(180,10000,46,13),(181,10000,47,13),(182,10000,48,13),(183,10000,49,13),(184,10000,50,13),(185,10000,51,13),(186,10000,52,13),(187,10000,53,13),(188,10000,54,13),(189,10000,55,13),(190,3000,13,14),(191,3000,14,14),(192,3000,15,14),(193,3000,16,14),(194,3000,17,14),(195,5000,18,14),(196,5000,19,14),(197,2000,20,14),(198,2000,21,14),(199,2000,22,14),(200,2000,23,14),(201,2000,24,14),(202,2000,25,14),(203,1000,26,14),(204,1000,27,14),(205,8000,28,14),(206,15000,29,14),(207,15000,30,14),(208,7000,31,14),(209,2000,5,15),(210,2000,6,15),(211,2000,7,15),(212,3000,8,15),(213,3000,9,15),(214,3000,10,15),(215,10000,11,15),(216,10000,12,15),(217,5000,99,16),(218,5000,100,16),(219,5000,101,16),(220,5000,102,16),(221,5000,103,16),(222,5000,104,16),(223,5000,105,16),(224,5000,106,16),(225,5000,107,16),(226,5000,108,16),(227,5000,109,16),(228,5000,110,16),(229,5000,111,16),(230,5000,112,16),(231,5000,113,16),(232,5000,114,16),(233,5000,115,16),(234,5000,116,16),(235,5000,117,16),(236,5000,118,16),(237,5000,119,16),(238,5000,120,16),(239,5000,121,16),(240,5000,122,16),(241,5000,123,16),(242,10000,124,16),(243,5000,32,17),(244,5000,33,17),(245,5000,34,17),(246,10000,35,17),(247,10000,36,17),(248,10000,37,17),(249,10000,38,17),(250,10000,39,17),(251,10000,40,17),(252,10000,41,17),(253,10000,42,17),(254,10000,43,17),(255,10000,44,17),(256,10000,45,17),(257,10000,46,17),(258,10000,47,17),(259,10000,48,17),(260,10000,49,17),(261,10000,50,17),(262,10000,51,17),(263,10000,52,17),(264,10000,53,17),(265,10000,54,17),(266,10000,55,17),(267,2000,5,18),(268,2000,6,18),(269,2000,7,18),(270,3000,8,18),(271,3000,9,18),(272,3000,10,18),(273,10000,11,18),(274,10000,12,18),(275,1000000,1,19),(276,1000000,2,19),(277,1000000,3,19),(278,1000000,4,19),(279,1000000,75,20),(280,1000000,76,20),(281,1000000,77,20),(282,1000000,78,20),(283,1000000,79,20),(284,1000000,80,20),(285,1000000,81,20),(286,1000000,82,20),(287,1000000,83,20),(288,1000000,84,20),(289,1000000,85,20),(290,1000000,86,20),(291,1000000,87,20),(292,1000000,75,21),(293,1000000,76,21),(294,1000000,77,21),(295,1000000,78,21),(296,1000000,79,21),(297,1000000,80,21),(298,1000000,81,21),(299,1000000,82,21),(300,1000000,83,21),(301,1000000,84,21),(302,1000000,85,21),(303,1000000,86,21),(304,1000000,87,21),(305,1000000,125,22),(306,1000000,126,22),(307,1000000,127,22),(308,1000000,128,22),(309,1000000,129,22),(310,1000000,130,22),(311,1000000,131,22),(312,1000000,132,22),(313,1000000,133,22),(314,1000000,134,22),(315,1000000,135,22),(316,1000000,136,22),(317,1000000,137,22),(318,1000000,138,22),(319,1000000,139,22),(320,1000000,140,22),(321,1000000,141,22),(322,1000000,142,22),(323,1000000,143,22),(324,1000000,144,22),(325,1000000,145,22),(326,1000000,146,22),(327,1000000,147,22),(328,1000000,148,22),(329,1000000,149,22),(330,1000000,150,22),(331,1000000,151,22),(332,1000000,152,22),(333,1000000,153,22),(334,1000000,154,22),(335,5000,99,23),(336,5000,100,23),(337,5000,101,23),(338,5000,102,23),(339,5000,103,23),(340,5000,104,23),(341,5000,105,23),(342,5000,106,23),(343,5000,107,23),(344,5000,108,23),(345,5000,109,23),(346,5000,110,23),(347,5000,111,23),(348,5000,112,23),(349,5000,113,23),(350,5000,114,23),(351,5000,115,23),(352,5000,116,23),(353,5000,117,23),(354,5000,118,23),(355,5000,119,23),(356,5000,120,23),(357,5000,121,23),(358,5000,122,23),(359,5000,123,23),(360,10000,124,23),(361,5000,88,24),(362,5000,89,24),(363,5000,90,24),(364,5000,91,24),(365,5000,92,24),(366,5000,93,24),(367,5000,94,24),(368,10000,95,24),(369,10000,96,24),(370,10000,97,24),(371,5000,98,24),(372,5000,88,25),(373,5000,89,25),(374,5000,90,25),(375,5000,91,25),(376,5000,92,25),(377,5000,93,25),(378,5000,94,25),(379,10000,95,25),(380,10000,96,25),(381,10000,97,25),(382,5000,98,25),(383,1000000,1,26),(384,1000000,2,26),(385,1000000,3,26),(386,1000000,4,26),(387,1000000,125,27),(388,1000000,126,27),(389,1000000,127,27),(390,1000000,128,27),(391,1000000,129,27),(392,1000000,130,27),(393,1000000,131,27),(394,1000000,132,27),(395,1000000,133,27),(396,1000000,134,27),(397,1000000,135,27),(398,1000000,136,27),(399,1000000,137,27),(400,1000000,138,27),(401,1000000,139,27),(402,1000000,140,27),(403,1000000,141,27),(404,1000000,142,27),(405,1000000,143,27),(406,1000000,144,27),(407,1000000,145,27),(408,1000000,146,27),(409,1000000,147,27),(410,1000000,148,27),(411,1000000,149,27),(412,1000000,150,27),(413,1000000,151,27),(414,1000000,152,27),(415,1000000,153,27),(416,1000000,154,27),(417,1000000,75,28),(418,1000000,76,28),(419,1000000,77,28),(420,1000000,78,28),(421,1000000,79,28),(422,1000000,80,28),(423,1000000,81,28),(424,1000000,82,28),(425,1000000,83,28),(426,1000000,84,28),(427,1000000,85,28),(428,1000000,86,28),(429,1000000,87,28),(430,5000,88,29),(431,5000,89,29),(432,5000,90,29),(433,5000,91,29),(434,5000,92,29),(435,5000,93,29),(436,5000,94,29),(437,10000,95,29),(438,10000,96,29),(439,10000,97,29),(440,5000,98,29),(441,1000000,75,30),(442,1000000,76,30),(443,1000000,77,30),(444,1000000,78,30),(445,1000000,79,30),(446,1000000,80,30),(447,1000000,81,30),(448,1000000,82,30),(449,1000000,83,30),(450,1000000,84,30),(451,1000000,85,30),(452,1000000,86,30),(453,1000000,87,30);
/*!40000 ALTER TABLE `user_card_benefit` ENABLE KEYS */;
UNLOCK TABLES;
/*!40103 SET TIME_ZONE=@OLD_TIME_ZONE */;

/*!40101 SET SQL_MODE=@OLD_SQL_MODE */;
/*!40014 SET FOREIGN_KEY_CHECKS=@OLD_FOREIGN_KEY_CHECKS */;
/*!40014 SET UNIQUE_CHECKS=@OLD_UNIQUE_CHECKS */;
/*!40101 SET CHARACTER_SET_CLIENT=@OLD_CHARACTER_SET_CLIENT */;
/*!40101 SET CHARACTER_SET_RESULTS=@OLD_CHARACTER_SET_RESULTS */;
/*!40101 SET COLLATION_CONNECTION=@OLD_COLLATION_CONNECTION */;
/*!40111 SET SQL_NOTES=@OLD_SQL_NOTES */;

-- Dump completed on 2023-10-05 22:41:10
